{
  "HEVC_A": {
    "ave_i_frame_bpp": 0.339955687713623,
    "ave_i_frame_quality_psnr": 33.348522472381596,
    "ave_i_frame_quality_msssim": 0.9684542417526245,
    "ave_p_frame_bpp": 0.046888249060915155,
    "ave_p_frame_bpp_mv_y": 0.01036704826142846,
    "ave_p_frame_bpp_mv_z": 0.00047501301321770166,
    "ave_p_frame_bpp_y": 0.034810506172814504,
    "ave_p_frame_bpp_z": 0.0012356816548466062,
    "ave_p_frame_quality_psnr": 31.23320522838169,
    "ave_p_frame_quality_msssim": 0.9452371625436677,
    "ave_all_frame_bpp": 0.07619499292618595,
    "ave_all_frame_quality_psnr": 31.44473695278168,
    "ave_all_frame_quality_msssim": 0.9475588704645634
  },
  "HEVC_B": {
    "ave_i_frame_bpp": 0.2474872055053711,
    "ave_i_frame_quality_psnr": 33.6658833694458,
    "ave_i_frame_quality_msssim": 0.9619220447540282,
    "ave_p_frame_bpp": 0.024721248377528454,
    "ave_p_frame_bpp_mv_y": 0.007146002888265583,
    "ave_p_frame_bpp_mv_z": 0.00041828772428238563,
    "ave_p_frame_bpp_y": 0.016193151891024576,
    "ave_p_frame_bpp_z": 0.0009638058607621739,
    "ave_p_frame_quality_psnr": 31.93659319983588,
    "ave_p_frame_quality_msssim": 0.9477417827977075,
    "ave_all_frame_bpp": 0.04699784409031272,
    "ave_all_frame_quality_psnr": 32.109522216796876,
    "ave_all_frame_quality_msssim": 0.9491598089933395
  },
  "HEVC_C": {
    "ave_i_frame_bpp": 0.5146097607665009,
    "ave_i_frame_quality_psnr": 31.414175748825073,
    "ave_i_frame_quality_msssim": 0.9702865064144135,
    "ave_p_frame_bpp": 0.049614091721337496,
    "ave_p_frame_bpp_mv_y": 0.009595925986165335,
    "ave_p_frame_bpp_mv_z": 0.0005307852454684001,
    "ave_p_frame_bpp_y": 0.038119689751248284,
    "ave_p_frame_bpp_z": 0.0013676910687839456,
    "ave_p_frame_quality_psnr": 28.68399110900031,
    "ave_p_frame_quality_msssim": 0.9517677239245839,
    "ave_all_frame_bpp": 0.09611365862585383,
    "ave_all_frame_quality_psnr": 28.957009572982788,
    "ave_all_frame_quality_msssim": 0.9536196021735668
  },
  "HEVC_D": {
    "ave_i_frame_bpp": 0.5946527765856848,
    "ave_i_frame_quality_psnr": 31.048793697357176,
    "ave_i_frame_quality_msssim": 0.9721898213028908,
    "ave_p_frame_bpp": 0.05054708026970427,
    "ave_p_frame_bpp_mv_y": 0.009430868888739497,
    "ave_p_frame_bpp_mv_z": 0.0004998560280202784,
    "ave_p_frame_bpp_y": 0.039130335006241995,
    "ave_p_frame_bpp_z": 0.0014860202159777854,
    "ave_p_frame_quality_psnr": 28.54297592904833,
    "ave_p_frame_quality_msssim": 0.9581709232595232,
    "ave_all_frame_bpp": 0.10495764990130232,
    "ave_all_frame_quality_psnr": 28.79355770587921,
    "ave_all_frame_quality_msssim": 0.9595728130638599
  },
  "HEVC_E": {
    "ave_i_frame_bpp": 0.1640431380994392,
    "ave_i_frame_quality_psnr": 36.6750233968099,
    "ave_i_frame_quality_msssim": 0.9794602572917938,
    "ave_p_frame_bpp": 0.008133588756296646,
    "ave_p_frame_bpp_mv_y": 0.004751884396601882,
    "ave_p_frame_bpp_mv_z": 0.00045413749326986296,
    "ave_p_frame_bpp_y": 0.002430559844813413,
    "ave_p_frame_bpp_z": 0.0004970070065206124,
    "ave_p_frame_quality_psnr": 35.49034079092521,
    "ave_p_frame_quality_msssim": 0.9764801745061521,
    "ave_all_frame_bpp": 0.023724543690610903,
    "ave_all_frame_quality_psnr": 35.60880905151367,
    "ave_all_frame_quality_msssim": 0.9767781827847163
  },
  "UVG": {
    "ave_i_frame_bpp": 0.14919462612697057,
    "ave_i_frame_quality_psnr": 35.974787793840676,
    "ave_i_frame_quality_msssim": 0.9611031413078308,
    "ave_p_frame_bpp": 0.019477523645603814,
    "ave_p_frame_bpp_mv_y": 0.006568459270358714,
    "ave_p_frame_bpp_mv_z": 0.00040264806072167186,
    "ave_p_frame_bpp_y": 0.011735206694295328,
    "ave_p_frame_bpp_z": 0.0007712095784622112,
    "ave_p_frame_quality_psnr": 34.33712765086781,
    "ave_p_frame_quality_msssim": 0.9479442302282755,
    "ave_all_frame_bpp": 0.030287282185717707,
    "ave_all_frame_quality_psnr": 34.47359932944888,
    "ave_all_frame_quality_msssim": 0.9490408061515717
  },
  "MCL-JCV": {
    "ave_i_frame_bpp": 0.16429579932159846,
    "ave_i_frame_quality_psnr": 36.40948535919189,
    "ave_i_frame_quality_msssim": 0.9698349567254385,
    "ave_p_frame_bpp": 0.029577535483950854,
    "ave_p_frame_bpp_mv_y": 0.008786060406657104,
    "ave_p_frame_bpp_mv_z": 0.00046144101075531747,
    "ave_p_frame_bpp_y": 0.019435658929502154,
    "ave_p_frame_bpp_z": 0.0008943751763559484,
    "ave_p_frame_quality_psnr": 34.43944269469291,
    "ave_p_frame_quality_msssim": 0.9581068360624895,
    "ave_all_frame_bpp": 0.04080405747042149,
    "ave_all_frame_quality_psnr": 34.60361291673449,
    "ave_all_frame_quality_msssim": 0.9590841794510683
  }
}